date,Jetblue,Motel6,Jetblue_pred,Motel6_pred
2020-03-01 00:00:00 UTC,26207,54122,,
2020-03-02 00:00:00 UTC,39308,42898,,
2020-03-03 00:00:00 UTC,39641,50568,,
2020-03-04 00:00:00 UTC,39220,58773,,
2020-03-05 00:00:00 UTC,40445,41136,,
2020-03-06 00:00:00 UTC,37158,37949,,
2020-03-07 00:00:00 UTC,25314,31256,,
2020-03-08 00:00:00 UTC,27007,48921,,
2020-03-09 00:00:00 UTC,47664,50235,,
2020-03-10 00:00:00 UTC,63717,64992,,
2020-03-11 00:00:00 UTC,61033,65020,,
2020-03-12 00:00:00 UTC,86903,63163,,
2020-03-13 00:00:00 UTC,69753,63163,,
2020-03-14 00:00:00 UTC,48724,61968,,
2020-03-15 00:00:00 UTC,46819,56716,,
2020-03-16 00:00:00 UTC,64588,65072,,
2020-03-17 00:00:00 UTC,47189,56598,,
2020-03-18 00:00:00 UTC,40235,64476,,
2020-03-19 00:00:00 UTC,32438,56395,,
2020-03-20 00:00:00 UTC,26984,38420,,
2020-03-21 00:00:00 UTC,17658,45101,,
2020-03-22 00:00:00 UTC,16004,22514,,
2020-03-23 00:00:00 UTC,22256,50401,,
2020-03-24 00:00:00 UTC,23211,62340,,
2020-03-25 00:00:00 UTC,19577,50228,,
2020-03-26 00:00:00 UTC,17402,55194,,
2020-03-27 00:00:00 UTC,15031,28743,,
2020-03-28 00:00:00 UTC,13755,41268,,
2020-03-29 00:00:00 UTC,10680,60909,,
2020-03-30 00:00:00 UTC,17928,48749,,
2020-03-31 00:00:00 UTC,13713,39382,,
2020-04-01 00:00:00 UTC,12829,30929,,
2020-04-02 00:00:00 UTC,12498,27028,,
2020-04-03 00:00:00 UTC,10239,62875,,
2020-04-04 00:00:00 UTC,6535,30120,,
2020-04-05 00:00:00 UTC,9269,29359,,
2020-04-06 00:00:00 UTC,13944,21400,,
2020-04-07 00:00:00 UTC,9955,34973,,
2020-04-08 00:00:00 UTC,10435,36109,,
2020-04-09 00:00:00 UTC,8606,18963,,
2020-04-10 00:00:00 UTC,7478,38698,,
2020-04-11 00:00:00 UTC,4929,10638,,
2020-04-12 00:00:00 UTC,4241,12924,,
2020-04-13 00:00:00 UTC,8754,32222,,
2020-04-14 00:00:00 UTC,9898,17421,,
2020-04-15 00:00:00 UTC,7827,14787,,
2020-04-16 00:00:00 UTC,8208,32934,,
2020-04-17 00:00:00 UTC,7499,54306,,
2020-04-18 00:00:00 UTC,6113,6625,,
2020-04-19 00:00:00 UTC,5380,23104,,
2020-04-20 00:00:00 UTC,8034,57683,,
2020-04-21 00:00:00 UTC,8238,15135,,
2020-04-22 00:00:00 UTC,9428,61422,,
2020-04-23 00:00:00 UTC,10791,55729,,
2020-04-24 00:00:00 UTC,7614,39094,,
2020-04-25 00:00:00 UTC,4862,32223,,
2020-04-26 00:00:00 UTC,5683,33602,,
2020-04-27 00:00:00 UTC,8837,41861,,
2020-04-28 00:00:00 UTC,9713,50324,,
2020-04-29 00:00:00 UTC,8287,14081,,
2020-04-30 00:00:00 UTC,8319,26964,,
2020-05-01 00:00:00 UTC,7971,47909,,
2020-05-02 00:00:00 UTC,4912,40975,,
2020-05-03 00:00:00 UTC,5380,37285,,
2020-05-04 00:00:00 UTC,8865,29812,,
2020-05-05 00:00:00 UTC,8105,55194,,
2020-05-06 00:00:00 UTC,8351,47852,,
2020-05-07 00:00:00 UTC,7535,50533,,
2020-05-08 00:00:00 UTC,6866,39996,,
2020-05-09 00:00:00 UTC,5612,8134,,
2020-05-10 00:00:00 UTC,5076,24159,,
2020-05-11 00:00:00 UTC,10737,45986,,
2020-05-12 00:00:00 UTC,9634,34975,,
2020-05-13 00:00:00 UTC,8283,34274,,
2020-05-14 00:00:00 UTC,7856,16105,,
2020-05-15 00:00:00 UTC,6633,45192,,
2020-05-16 00:00:00 UTC,5000,30719,,
2020-05-17 00:00:00 UTC,5588,18293,,
2020-05-18 00:00:00 UTC,9199,39802,,
2020-05-19 00:00:00 UTC,9283,20230,,
2020-05-20 00:00:00 UTC,8943,13203,,
2020-05-21 00:00:00 UTC,7707,25754,,
2020-05-22 00:00:00 UTC,6440,25394,,
2020-05-23 00:00:00 UTC,5673,36283,,
2020-05-24 00:00:00 UTC,5490,60976,,
2020-05-25 00:00:00 UTC,6719,44024,,
2020-05-26 00:00:00 UTC,10699,34597,,
2020-05-27 00:00:00 UTC,10599,19847,,
2020-05-28 00:00:00 UTC,10107,51729,,
2020-05-29 00:00:00 UTC,8853,63753,,
2020-05-30 00:00:00 UTC,6714,27775,,
2020-05-31 00:00:00 UTC,7120,62645,,
2020-06-01 00:00:00 UTC,13829,27463,,
2020-06-02 00:00:00 UTC,13647,17820,,
2020-06-03 00:00:00 UTC,12498,26336,,
2020-06-04 00:00:00 UTC,12787,27007,,
2020-06-05 00:00:00 UTC,9900,19374,,
2020-06-06 00:00:00 UTC,7269,15814,,
2020-06-07 00:00:00 UTC,9072,23808,,
2020-06-08 00:00:00 UTC,13673,56710,,
2020-06-09 00:00:00 UTC,13002,50461,,
2020-06-10 00:00:00 UTC,12617,55456,,
2020-06-11 00:00:00 UTC,11799,36464,,
2020-06-12 00:00:00 UTC,9486,11532,,
2020-06-13 00:00:00 UTC,7720,12535,,
2020-06-14 00:00:00 UTC,9198,47865,,
2020-06-15 00:00:00 UTC,15151,26343,,
2020-06-16 00:00:00 UTC,14359,60848,,
2020-06-17 00:00:00 UTC,13479,45228,,
2020-06-18 00:00:00 UTC,12516,50916,,
2020-06-19 00:00:00 UTC,10442,51425,,
2020-06-20 00:00:00 UTC,7482,63675,,
2020-06-21 00:00:00 UTC,7826,45988,,
2020-06-22 00:00:00 UTC,13887,45340,,
2020-06-23 00:00:00 UTC,14479,49389,,
2020-06-24 00:00:00 UTC,14993,31070,,
2020-06-25 00:00:00 UTC,13147,57733,,
2020-06-26 00:00:00 UTC,11232,48070,,
2020-06-27 00:00:00 UTC,8754,34228,,
2020-06-28 00:00:00 UTC,9798,10820,,
2020-06-29 00:00:00 UTC,16705,50762,,
2020-06-30 00:00:00 UTC,17070,57260,,
2020-07-01 00:00:00 UTC,13819,43796,,
2020-07-02 00:00:00 UTC,11005,25638,,
2020-07-03 00:00:00 UTC,9058,32587,,
2020-07-04 00:00:00 UTC,6818,62435,,
2020-07-05 00:00:00 UTC,8319,50911,,
2020-07-06 00:00:00 UTC,13541,55584,,
2020-07-07 00:00:00 UTC,12868,56834,,
2020-07-08 00:00:00 UTC,12280,19827,,
2020-07-09 00:00:00 UTC,11930,14170,,
2020-07-10 00:00:00 UTC,11089,33808,,
2020-07-11 00:00:00 UTC,7857,50412,,
2020-07-12 00:00:00 UTC,7929,41048,,
2020-07-13 00:00:00 UTC,12381,44810,,
2020-07-14 00:00:00 UTC,12396,54101,,
2020-07-15 00:00:00 UTC,12217,25800,,
2020-07-16 00:00:00 UTC,12096,24641,,
2020-07-17 00:00:00 UTC,10363,54856,,
2020-07-18 00:00:00 UTC,6910,30778,,
2020-07-19 00:00:00 UTC,8783,26297,,
2020-07-20 00:00:00 UTC,15976,29110,,
2020-07-21 00:00:00 UTC,13825,40689,,
2020-07-22 00:00:00 UTC,13153,14630,,
2020-07-23 00:00:00 UTC,11728,31680,,
2020-07-24 00:00:00 UTC,10512,45594,,
2020-07-25 00:00:00 UTC,7395,40236,,
2020-07-26 00:00:00 UTC,8182,38494,,
2020-07-27 00:00:00 UTC,14942,15874,,
2020-07-28 00:00:00 UTC,12980,13738,,
2020-07-29 00:00:00 UTC,12096,30283,,
2020-07-30 00:00:00 UTC,11107,60610,,
2020-07-31 00:00:00 UTC,10669,17463,,
2020-08-01 00:00:00 UTC,6904,19149,,
2020-08-02 00:00:00 UTC,8179,38632,,
2020-08-03 00:00:00 UTC,14910,61523,,
2020-08-04 00:00:00 UTC,12414,22722,,
2020-08-05 00:00:00 UTC,15892,30607,,
2020-08-06 00:00:00 UTC,17821,50564,,
2020-08-07 00:00:00 UTC,12794,64168,,
2020-08-08 00:00:00 UTC,8694,57325,,
2020-08-09 00:00:00 UTC,9534,13117,,
2020-08-10 00:00:00 UTC,13264,49863,,
2020-08-11 00:00:00 UTC,14649,16186,,
2020-08-12 00:00:00 UTC,14015,18296,,
2020-08-13 00:00:00 UTC,12649,51779,,
2020-08-14 00:00:00 UTC,11686,62494,,
2020-08-15 00:00:00 UTC,9192,53991,,
2020-08-16 00:00:00 UTC,9954,20271,,
2020-08-17 00:00:00 UTC,15601,19099,,
2020-08-18 00:00:00 UTC,14352,44928,,
2020-08-19 00:00:00 UTC,15049,63589,,
2020-08-20 00:00:00 UTC,15982,31673,,
2020-08-21 00:00:00 UTC,13083,63621,,
2020-08-22 00:00:00 UTC,9563,22162,,
2020-08-23 00:00:00 UTC,10474,14507,,
2020-08-24 00:00:00 UTC,19118,48731,,
2020-08-25 00:00:00 UTC,19355,64628,,
2020-08-26 00:00:00 UTC,17472,32530,,
2020-08-27 00:00:00 UTC,15265,16906,,
2020-08-28 00:00:00 UTC,13466,45916,,
2020-08-29 00:00:00 UTC,10712,18702,,
2020-08-30 00:00:00 UTC,10878,58284,,
2020-08-31 00:00:00 UTC,21570,35411,,
2020-09-01 00:00:00 UTC,19799,40518,,
2020-09-02 00:00:00 UTC,18924,29830,,
2020-09-03 00:00:00 UTC,16660,34384,,
2020-09-04 00:00:00 UTC,13363,28339,,
2020-09-05 00:00:00 UTC,9762,43973,,
2020-09-06 00:00:00 UTC,9963,19180,,
2020-09-07 00:00:00 UTC,13140,14805,,
2020-09-08 00:00:00 UTC,18049,18782,,
2020-09-09 00:00:00 UTC,24731,35714,,
2020-09-10 00:00:00 UTC,25766,44145,,
2020-09-11 00:00:00 UTC,15061,42491,,
2020-09-12 00:00:00 UTC,11161,23741,,
2020-09-13 00:00:00 UTC,12478,36367,,
2020-09-14 00:00:00 UTC,18003,53170,,
2020-09-15 00:00:00 UTC,17361,51265,,
2020-09-16 00:00:00 UTC,16692,61636,,
2020-09-17 00:00:00 UTC,16101,34238,,
2020-09-18 00:00:00 UTC,14405,15820,,
2020-09-19 00:00:00 UTC,10207,21322,,
2020-09-20 00:00:00 UTC,11843,56866,,
2020-09-21 00:00:00 UTC,16935,22127,,
2020-09-22 00:00:00 UTC,16584,28062,,
2020-09-23 00:00:00 UTC,15205,27186,,
2020-09-24 00:00:00 UTC,14387,17174,,
2020-09-25 00:00:00 UTC,12925,27118,,
2020-09-26 00:00:00 UTC,9337,55844,,
2020-09-27 00:00:00 UTC,11462,28836,,
2020-09-28 00:00:00 UTC,19170,27421,,
2020-09-29 00:00:00 UTC,17446,63873,,
2020-09-30 00:00:00 UTC,16926,52361,,
2020-10-01 00:00:00 UTC,12657,38207,,
2020-10-02 00:00:00 UTC,10265,52913,,
2020-10-03 00:00:00 UTC,7737,59913,,
2020-10-04 00:00:00 UTC,8687,18013,,
2020-10-05 00:00:00 UTC,10825,57222,,
2020-10-06 00:00:00 UTC,11775,54390,,
2020-10-07 00:00:00 UTC,11099,29448,,
2020-10-08 00:00:00 UTC,10020,13322,,
2020-10-09 00:00:00 UTC,8580,56190,,
2020-10-10 00:00:00 UTC,5144,5904,,
2020-10-11 00:00:00 UTC,5174,13468,,
2020-10-12 00:00:00 UTC,7113,17047,,
2020-10-13 00:00:00 UTC,7041,52160,,
2020-10-14 00:00:00 UTC,6778,46448,,
2020-10-15 00:00:00 UTC,7160,26083,,
2020-10-16 00:00:00 UTC,5873,64797,,
2020-10-17 00:00:00 UTC,4634,60533,,
2020-10-18 00:00:00 UTC,5046,35876,,
2020-10-19 00:00:00 UTC,7008,51895,,
2020-10-20 00:00:00 UTC,9280,35518,,
2020-10-21 00:00:00 UTC,8736,11100,,
2020-10-22 00:00:00 UTC,6158,24162,,
2020-10-23 00:00:00 UTC,5113,30379,,
2020-10-24 00:00:00 UTC,4125,60595,,
2020-10-25 00:00:00 UTC,5690,63124,,
2020-10-26 00:00:00 UTC,6535,40150,,
2020-10-27 00:00:00 UTC,6365,21592,,
2020-10-28 00:00:00 UTC,6106,56443,,
2020-10-29 00:00:00 UTC,6233,31139,,
2020-10-30 00:00:00 UTC,4923,49850,,
2020-10-31 00:00:00 UTC,4369,43206,,
2020-11-01 00:00:00 UTC,5150,10925,,
2020-11-02 00:00:00 UTC,7422,23241,,
2020-11-03 00:00:00 UTC,6344,40395,,
2020-11-04 00:00:00 UTC,6091,55357,,
2020-11-05 00:00:00 UTC,6097,52570,,
2020-11-06 00:00:00 UTC,5611,43034,,
2020-11-07 00:00:00 UTC,4266,15812,,
2020-11-08 00:00:00 UTC,5127,56899,,
2020-11-09 00:00:00 UTC,6495,43145,,
2020-11-10 00:00:00 UTC,7284,44469,,
2020-11-11 00:00:00 UTC,6723,47083,,
2020-11-12 00:00:00 UTC,6480,33175,,
2020-11-13 00:00:00 UTC,5428,33052,,
2020-11-14 00:00:00 UTC,5317,60568,,
2020-11-15 00:00:00 UTC,5375,20434,,
2020-11-16 00:00:00 UTC,6628,50541,,
2020-11-17 00:00:00 UTC,7022,57780,,
2020-11-18 00:00:00 UTC,6693,57313,,
2020-11-19 00:00:00 UTC,6450,19847,,
2020-11-20 00:00:00 UTC,5492,40310,,
2020-11-21 00:00:00 UTC,4601,42669,,
2020-11-22 00:00:00 UTC,5130,45271,,
2020-11-23 00:00:00 UTC,6422,65011,,
2020-11-24 00:00:00 UTC,5236,20922,,
2020-11-25 00:00:00 UTC,4776,39161,,
2020-11-26 00:00:00 UTC,3280,48690,,
2020-11-27 00:00:00 UTC,4914,5095,,
2020-11-28 00:00:00 UTC,4361,30154,,
2020-11-29 00:00:00 UTC,4663,9447,,
2020-11-30 00:00:00 UTC,8251,62340,,
2020-12-01 00:00:00 UTC,7549,7807,,
2020-12-02 00:00:00 UTC,5742,64837,,
2020-12-03 00:00:00 UTC,5258,35309,,
2020-12-04 00:00:00 UTC,4748,60166,,
2020-12-05 00:00:00 UTC,4099,36819,,
2020-12-06 00:00:00 UTC,4423,37762,,
2020-12-07 00:00:00 UTC,5400,60406,,
2020-12-08 00:00:00 UTC,5655,15989,,
2020-12-09 00:00:00 UTC,5026,33179,,
2020-12-10 00:00:00 UTC,4488,4693,,
2020-12-11 00:00:00 UTC,4364,36069,,
2020-12-12 00:00:00 UTC,3693,20960,,
2020-12-13 00:00:00 UTC,3961,15385,,
2020-12-14 00:00:00 UTC,5700,53979,,
2020-12-15 00:00:00 UTC,5949,29542,,
2020-12-16 00:00:00 UTC,5815,44262,,
2020-12-17 00:00:00 UTC,6224,7660,,
2020-12-18 00:00:00 UTC,4733,53058,,
2020-12-19 00:00:00 UTC,4010,19831,,
2020-12-20 00:00:00 UTC,4360,32307,,
2020-12-21 00:00:00 UTC,4686,58662,,
2020-12-22 00:00:00 UTC,4431,55415,,
2020-12-23 00:00:00 UTC,3933,18465,,
2020-12-24 00:00:00 UTC,3102,15745,,
2020-12-25 00:00:00 UTC,3043,52695,,
2020-12-26 00:00:00 UTC,4081,52660,,
2020-12-27 00:00:00 UTC,4006,35876,,
2020-12-28 00:00:00 UTC,5676,22254,,
2020-12-29 00:00:00 UTC,5267,50435,,
2020-12-30 00:00:00 UTC,4762,43971,,
2020-12-31 00:00:00 UTC,3728,32606,,
2021-01-01 00:00:00 UTC,3703,14594,,
2021-01-02 00:00:00 UTC,4280,62513,,
2021-01-03 00:00:00 UTC,4405,56928,,
2021-01-04 00:00:00 UTC,5598,14985,,
2021-01-05 00:00:00 UTC,6163,59432,,
2021-01-06 00:00:00 UTC,4879,60478,,
2021-01-07 00:00:00 UTC,4772,5962,,
2021-01-08 00:00:00 UTC,4438,27438,,
2021-01-09 00:00:00 UTC,3804,9138,,
2021-01-10 00:00:00 UTC,4489,12720,,
2021-01-11 00:00:00 UTC,6086,24808,,
2021-01-12 00:00:00 UTC,5848,10272,,
2021-01-13 00:00:00 UTC,5694,58816,,
2021-01-14 00:00:00 UTC,4608,39968,,
2021-01-15 00:00:00 UTC,4293,56234,,
2021-01-16 00:00:00 UTC,3726,28763,,
2021-01-17 00:00:00 UTC,3637,56561,,
2021-01-18 00:00:00 UTC,4348,12864,,
2021-01-19 00:00:00 UTC,4942,38306,,
2021-01-20 00:00:00 UTC,4615,49217,,
2021-01-21 00:00:00 UTC,21266,25797,,
2021-01-22 00:00:00 UTC,25570,48115,,
2021-01-23 00:00:00 UTC,21258,57725,,
2021-01-24 00:00:00 UTC,23563,39723,,
2021-01-25 00:00:00 UTC,30703,63057,,
2021-01-26 00:00:00 UTC,33904,53081,,
2021-01-27 00:00:00 UTC,31009,45870,,
2021-01-28 00:00:00 UTC,30204,49313,,
2021-01-29 00:00:00 UTC,27905,39023,,
2021-01-30 00:00:00 UTC,24505,31172,,
2021-01-31 00:00:00 UTC,28112,53218,,
2021-02-01 00:00:00 UTC,36805,49921,,
2021-02-02 00:00:00 UTC,34405,51542,,
2021-02-03 00:00:00 UTC,33406,43425,,
2021-02-04 00:00:00 UTC,32004,43228,,
2021-02-05 00:00:00 UTC,29774,35398,,
2021-02-06 00:00:00 UTC,24510,47391,,
2021-02-07 00:00:00 UTC,25145,58264,,
2021-02-08 00:00:00 UTC,36031,36972,,
2021-02-09 00:00:00 UTC,41439,50827,,
2021-02-10 00:00:00 UTC,39574,42328,,
2021-02-11 00:00:00 UTC,43175,48427,,
2021-02-12 00:00:00 UTC,33759,34997,,
2021-02-13 00:00:00 UTC,26395,47222,,
2021-02-14 00:00:00 UTC,27909,35969,,
2021-02-15 00:00:00 UTC,39782,62115,,
2021-02-16 00:00:00 UTC,44173,61990,,
2021-02-17 00:00:00 UTC,45852,46554,,
2021-02-18 00:00:00 UTC,47392,50430,,
2021-02-19 00:00:00 UTC,41754,46400,,
2021-02-20 00:00:00 UTC,31384,36004,,
2021-02-21 00:00:00 UTC,37349,55751,,
2021-02-22 00:00:00 UTC,48267,48700,,
2021-02-23 00:00:00 UTC,51436,60719,,
2021-02-24 00:00:00 UTC,50113,54776,,
2021-02-25 00:00:00 UTC,45926,45976,,
2021-02-26 00:00:00 UTC,39598,62247,,
2021-02-27 00:00:00 UTC,35321,51617,,
2021-02-28 00:00:00 UTC,40712,61283,,
2021-03-01 00:00:00 UTC,58693,65231,,
2021-03-02 00:00:00 UTC,62031,64989,,
2021-03-03 00:00:00 UTC,55800,58457,,
2021-03-04 00:00:00 UTC,48143,49977,,
2021-03-05 00:00:00 UTC,41782,49331,,
2021-03-06 00:00:00 UTC,36522,51355,,
2021-03-07 00:00:00 UTC,42279,64565,,
2021-03-08 00:00:00 UTC,55087,58156,,
2021-03-09 00:00:00 UTC,62653,65074,,
2021-03-10 00:00:00 UTC,60197,62731,,
2021-03-11 00:00:00 UTC,56008,56708,,
2021-03-12 00:00:00 UTC,45582,52204,,
2021-03-13 00:00:00 UTC,35811,48518,,
2021-03-14 00:00:00 UTC,41305,52434,,
2021-03-15 00:00:00 UTC,66485,52434,,
2021-03-16 00:00:00 UTC,66230,52434,,
2021-03-17 00:00:00 UTC,61990,64759,,
2021-03-18 00:00:00 UTC,56891,57066,,
2021-03-19 00:00:00 UTC,49338,63611,,
2021-03-20 00:00:00 UTC,35702,51699,,
2021-03-21 00:00:00 UTC,39560,64248,,
2021-03-22 00:00:00 UTC,56329,63416,,
2021-03-23 00:00:00 UTC,59180,63467,,
2021-03-24 00:00:00 UTC,57282,58436,,
2021-03-25 00:00:00 UTC,53966,56021,,
2021-03-26 00:00:00 UTC,44818,52809,,
2021-03-27 00:00:00 UTC,34875,44682,,
2021-03-28 00:00:00 UTC,45331,56015,,
2021-03-29 00:00:00 UTC,61687,61855,,
2021-03-30 00:00:00 UTC,63292,63339,,
2021-03-31 00:00:00 UTC,74481,61374,,
2021-04-01 00:00:00 UTC,65637,61374,,
2021-04-02 00:00:00 UTC,50399,56266,,
2021-04-03 00:00:00 UTC,37728,48689,,
2021-04-04 00:00:00 UTC,38304,46862,,
2021-04-05 00:00:00 UTC,80271,65046,,
2021-04-06 00:00:00 UTC,92000,65046,,
2021-04-07 00:00:00 UTC,102814,65046,,
2021-04-08 00:00:00 UTC,70581,65046,,
2021-04-09 00:00:00 UTC,80062,65046,,
2021-04-10 00:00:00 UTC,78231,65046,,
2021-04-11 00:00:00 UTC,102663,65046,,
2021-04-12 00:00:00 UTC,144601,65046,,
2021-04-13 00:00:00 UTC,135681,65046,,
2021-04-14 00:00:00 UTC,109243,65046,,
2021-04-15 00:00:00 UTC,49507,50432,,
2021-04-16 00:00:00 UTC,41263,61438,,
2021-04-17 00:00:00 UTC,31766,46788,,
2021-04-18 00:00:00 UTC,34584,40402,,
2021-04-19 00:00:00 UTC,52311,55364,,
2021-04-20 00:00:00 UTC,52795,60524,,
2021-04-21 00:00:00 UTC,52481,60109,,
2021-04-22 00:00:00 UTC,47280,54915,,
2021-04-23 00:00:00 UTC,41759,57566,,
2021-04-24 00:00:00 UTC,29516,62149,,
2021-04-25 00:00:00 UTC,39331,52258,,
2021-04-26 00:00:00 UTC,44853,45813,,
2021-04-27 00:00:00 UTC,44329,54893,,
2021-04-28 00:00:00 UTC,42680,52635,,
2021-04-29 00:00:00 UTC,46485,61852,,
2021-04-30 00:00:00 UTC,45302,60307,,
2021-05-01 00:00:00 UTC,32965,50508,,
2021-05-02 00:00:00 UTC,37702,61976,,
2021-05-03 00:00:00 UTC,56445,64876,,
2021-05-04 00:00:00 UTC,55040,63111,,
2021-05-05 00:00:00 UTC,52532,60622,,
2021-05-06 00:00:00 UTC,37716,62006,,
2021-05-07 00:00:00 UTC,44363,45318,,
2021-05-08 00:00:00 UTC,33726,54534,,
2021-05-09 00:00:00 UTC,35970,54552,,
2021-05-10 00:00:00 UTC,63395,63568,,
2021-05-11 00:00:00 UTC,61239,64096,,
2021-05-12 00:00:00 UTC,55447,60723,,
2021-05-13 00:00:00 UTC,51670,53386,,
2021-05-14 00:00:00 UTC,44706,48829,,
2021-05-15 00:00:00 UTC,31784,46466,,
2021-05-16 00:00:00 UTC,37102,39852,,
2021-05-17 00:00:00 UTC,75995,63637,,
2021-05-18 00:00:00 UTC,82988,63637,,
2021-05-19 00:00:00 UTC,80937,63637,,
2021-05-20 00:00:00 UTC,78630,63637,,
2021-05-21 00:00:00 UTC,69538,63637,,
2021-05-22 00:00:00 UTC,52181,56546,,
2021-05-23 00:00:00 UTC,59635,59927,,
2021-05-24 00:00:00 UTC,86481,64120,,
2021-05-25 00:00:00 UTC,86302,64120,,
2021-05-26 00:00:00 UTC,86924,64120,,
2021-05-27 00:00:00 UTC,76768,64120,,
2021-05-28 00:00:00 UTC,66661,64120,,
2021-05-29 00:00:00 UTC,53148,58548,,
2021-05-30 00:00:00 UTC,53666,64527,,
2021-05-31 00:00:00 UTC,69226,65195,,
2021-06-01 00:00:00 UTC,86858,65195,,
2021-06-02 00:00:00 UTC,84314,65195,,
2021-06-03 00:00:00 UTC,82639,65195,,
2021-06-04 00:00:00 UTC,69663,65195,,
2021-06-05 00:00:00 UTC,49268,60330,,
2021-06-06 00:00:00 UTC,53769,57969,,
2021-06-07 00:00:00 UTC,88562,59955,,
2021-06-08 00:00:00 UTC,85801,59955,,
2021-06-09 00:00:00 UTC,82697,59955,,
2021-06-10 00:00:00 UTC,76289,59955,,
2021-06-11 00:00:00 UTC,69979,59955,,
2021-06-12 00:00:00 UTC,51964,61266,,
2021-06-13 00:00:00 UTC,58298,65373,,
2021-06-14 00:00:00 UTC,89740,63021,,
2021-06-15 00:00:00 UTC,90578,63021,,
2021-06-16 00:00:00 UTC,82477,63021,,
2021-06-17 00:00:00 UTC,71624,63021,,
2021-06-18 00:00:00 UTC,66507,63021,,
2021-06-19 00:00:00 UTC,49075,50040,,
2021-06-20 00:00:00 UTC,52115,63392,,
2021-06-21 00:00:00 UTC,88260,57333,,
2021-06-22 00:00:00 UTC,96911,57333,,
2021-06-23 00:00:00 UTC,89891,57333,,
2021-06-24 00:00:00 UTC,81062,57333,,
2021-06-25 00:00:00 UTC,71911,57333,,
2021-06-26 00:00:00 UTC,56568,57916,,
2021-06-27 00:00:00 UTC,64664,64719,,
2021-06-28 00:00:00 UTC,88816,54300,,
2021-06-29 00:00:00 UTC,91789,54300,,
2021-06-30 00:00:00 UTC,44820,48352,,
2021-07-01 00:00:00 UTC,89785,52913,,
2021-07-02 00:00:00 UTC,76485,52913,,
2021-07-03 00:00:00 UTC,58254,60667,,
2021-07-04 00:00:00 UTC,50175,63850,,
2021-07-05 00:00:00 UTC,71007,53069,,
2021-07-06 00:00:00 UTC,96497,53069,,
2021-07-07 00:00:00 UTC,96008,53069,,
2021-07-08 00:00:00 UTC,92678,53069,,
2021-07-09 00:00:00 UTC,84634,53069,,
2021-07-10 00:00:00 UTC,59207,61959,,
2021-07-11 00:00:00 UTC,64100,65347,,
2021-07-12 00:00:00 UTC,97565,65235,,
2021-07-13 00:00:00 UTC,102573,65235,,
2021-07-14 00:00:00 UTC,100620,65235,,
2021-07-15 00:00:00 UTC,95509,65235,,
2021-07-16 00:00:00 UTC,72971,65235,,
2021-07-17 00:00:00 UTC,58118,63150,,
2021-07-18 00:00:00 UTC,68359,60368,,
2021-07-19 00:00:00 UTC,93624,60368,,
2021-07-20 00:00:00 UTC,92150,60368,,
2021-07-21 00:00:00 UTC,89158,60368,,
2021-07-22 00:00:00 UTC,80658,60368,,
2021-07-23 00:00:00 UTC,67640,60368,,
2021-07-24 00:00:00 UTC,47995,62329,,
2021-07-25 00:00:00 UTC,61700,64688,,
2021-07-26 00:00:00 UTC,88030,48956,,
2021-07-27 00:00:00 UTC,100240,48956,,
2021-07-28 00:00:00 UTC,90913,48956,,
2021-07-29 00:00:00 UTC,89830,48956,,
2021-07-30 00:00:00 UTC,65129,65192,,
2021-07-31 00:00:00 UTC,47733,63627,,
2021-08-01 00:00:00 UTC,61738,61852,,
2021-08-02 00:00:00 UTC,93217,59486,,
2021-08-03 00:00:00 UTC,113731,59486,,
2021-08-04 00:00:00 UTC,98458,59486,,
2021-08-05 00:00:00 UTC,76705,59486,,
2021-08-06 00:00:00 UTC,69229,59486,,
2021-08-07 00:00:00 UTC,53073,61030,,
2021-08-08 00:00:00 UTC,63177,64182,,
2021-08-09 00:00:00 UTC,82600,39709,,
2021-08-10 00:00:00 UTC,82030,83761,,
2021-08-11 00:00:00 UTC,74744,57645,,
2021-08-12 00:00:00 UTC,71805,25507,,
2021-08-13 00:00:00 UTC,62973,64894,,
2021-08-14 00:00:00 UTC,48403,85234,,
2021-08-15 00:00:00 UTC,52289,47558,,
2021-08-16 00:00:00 UTC,78723,39719,,
2021-08-17 00:00:00 UTC,76049,23508,,
2021-08-18 00:00:00 UTC,74644,57652,,
2021-08-19 00:00:00 UTC,74779,18669,,
2021-08-20 00:00:00 UTC,68432,24601,,
2021-08-21 00:00:00 UTC,57624,21699,,
2021-08-22 00:00:00 UTC,61525,98378,,
2021-08-23 00:00:00 UTC,72985,99121,,
2021-08-24 00:00:00 UTC,72138,21258,,
2021-08-25 00:00:00 UTC,65809,50105,,
2021-08-26 00:00:00 UTC,54209,16524,,
2021-08-27 00:00:00 UTC,53965,38592,,
2021-08-28 00:00:00 UTC,40695,91727,,
2021-08-29 00:00:00 UTC,46300,81689,,
2021-08-30 00:00:00 UTC,72803,87699,,
2021-08-31 00:00:00 UTC,72997,53377,,
2021-09-01 00:00:00 UTC,70928,26050,,
2021-09-02 00:00:00 UTC,74563,83797,,
2021-09-03 00:00:00 UTC,55852,46696,,
2021-09-04 00:00:00 UTC,41016,16606,,
2021-09-05 00:00:00 UTC,45162,85849,,
2021-09-06 00:00:00 UTC,57795,66782,,
2021-09-07 00:00:00 UTC,71840,32465,,
2021-09-08 00:00:00 UTC,51312,39265,,
2021-09-09 00:00:00 UTC,58493,82633,,
2021-09-10 00:00:00 UTC,42825,48700,,
2021-09-11 00:00:00 UTC,30653,63076,,
2021-09-12 00:00:00 UTC,35180,98121,,
2021-09-13 00:00:00 UTC,54494,52772,,
2021-09-14 00:00:00 UTC,64328,85985,,
2021-09-15 00:00:00 UTC,62651,92038,,
2021-09-16 00:00:00 UTC,65999,46734,,
2021-09-17 00:00:00 UTC,58394,20538,,
2021-09-18 00:00:00 UTC,39450,97047,,
2021-09-19 00:00:00 UTC,44816,74497,,
2021-09-20 00:00:00 UTC,74681,65267,,
2021-09-21 00:00:00 UTC,70059,21638,,
2021-09-22 00:00:00 UTC,64698,95960,,
2021-09-23 00:00:00 UTC,67638,65158,,
2021-09-24 00:00:00 UTC,56749,75963,,
2021-09-25 00:00:00 UTC,39109,40388,,
2021-09-26 00:00:00 UTC,45320,97833,,
2021-09-27 00:00:00 UTC,77079,60827,,
2021-09-28 00:00:00 UTC,79455,27685,,
2021-09-29 00:00:00 UTC,64171,67357,,
2021-09-30 00:00:00 UTC,48397,100471,,
2021-10-01 00:00:00 UTC,57372,90636,,
2021-10-02 00:00:00 UTC,37715,27353,,
2021-10-03 00:00:00 UTC,49321,18547,,
2021-10-04 00:00:00 UTC,84853,68152,,
2021-10-05 00:00:00 UTC,92931,99254,,
2021-10-06 00:00:00 UTC,69390,85277,,
2021-10-07 00:00:00 UTC,76803,17240,,
2021-10-08 00:00:00 UTC,57668,91396,,
2021-10-09 00:00:00 UTC,41473,52576,,
2021-10-10 00:00:00 UTC,48996,63167,,
2021-10-11 00:00:00 UTC,74605,26306,,
2021-10-12 00:00:00 UTC,79990,25228,,
2021-10-13 00:00:00 UTC,73179,72311,,
2021-10-14 00:00:00 UTC,63861,83421,,
2021-10-15 00:00:00 UTC,48691,69667,,
2021-10-16 00:00:00 UTC,33601,83538,,
2021-10-17 00:00:00 UTC,40007,22677,,
2021-10-18 00:00:00 UTC,59500,46312,,
2021-10-19 00:00:00 UTC,56996,18060,,
2021-10-20 00:00:00 UTC,53053,49368,,
2021-10-21 00:00:00 UTC,49756,50919,,
2021-10-22 00:00:00 UTC,43525,79026,,
2021-10-23 00:00:00 UTC,29924,61262,,
2021-10-24 00:00:00 UTC,34380,70919,,
2021-10-25 00:00:00 UTC,59180,69625,,
2021-10-26 00:00:00 UTC,59702,19806,,
2021-10-27 00:00:00 UTC,59865,35179,,
2021-10-28 00:00:00 UTC,51384,32312,,
2021-10-29 00:00:00 UTC,46531,62103,,
2021-10-30 00:00:00 UTC,31708,98158,,
2021-10-31 00:00:00 UTC,36619,31074,,
2021-11-01 00:00:00 UTC,57523,55150,,
2021-11-02 00:00:00 UTC,55153,90264,,
2021-11-03 00:00:00 UTC,56308,45860,,
2021-11-04 00:00:00 UTC,50987,58034,,
2021-11-05 00:00:00 UTC,43580,65547,,
2021-11-06 00:00:00 UTC,30168,82900,,
2021-11-07 00:00:00 UTC,35490,76139,,
2021-11-08 00:00:00 UTC,56990,90125,,
2021-11-09 00:00:00 UTC,59063,65264,,
2021-11-10 00:00:00 UTC,56045,54586,,
2021-11-11 00:00:00 UTC,50445,60716,,
2021-11-12 00:00:00 UTC,46143,91911,,
2021-11-13 00:00:00 UTC,32594,84521,,
2021-11-14 00:00:00 UTC,37750,95908,,
2021-11-15 00:00:00 UTC,60392,38378,,
2021-11-16 00:00:00 UTC,62492,93350,,
2021-11-17 00:00:00 UTC,59768,88623,,
2021-11-18 00:00:00 UTC,54967,97000,,
2021-11-19 00:00:00 UTC,48202,88434,,
2021-11-20 00:00:00 UTC,33854,100183,,
2021-11-21 00:00:00 UTC,38934,96567,,
2021-11-22 00:00:00 UTC,58917,94961,,
2021-11-23 00:00:00 UTC,50366,38480,,
2021-11-24 00:00:00 UTC,41231,45873,,
2021-11-25 00:00:00 UTC,22653,25983,,
2021-11-26 00:00:00 UTC,35652,82298,,
2021-11-27 00:00:00 UTC,31589,79597,,
2021-11-28 00:00:00 UTC,35670,95833,,
2021-11-29 00:00:00 UTC,92014,91439,,
2021-11-30 00:00:00 UTC,91487,85922,,
2021-12-01 00:00:00 UTC,61234,65885,,
2021-12-02 00:00:00 UTC,50255,43117,,
2021-12-03 00:00:00 UTC,44429,55179,,
2021-12-04 00:00:00 UTC,30811,25127,,
2021-12-05 00:00:00 UTC,36758,79862,,
2021-12-06 00:00:00 UTC,56440,26490,,
2021-12-07 00:00:00 UTC,52567,67252,,
2021-12-08 00:00:00 UTC,59598,47970,,
2021-12-09 00:00:00 UTC,58882,62038,,
2021-12-10 00:00:00 UTC,47954,86778,,
2021-12-11 00:00:00 UTC,37694,74318,,
2021-12-12 00:00:00 UTC,44387,25339,,
2021-12-13 00:00:00 UTC,62720,94475,,
2021-12-14 00:00:00 UTC,66403,99868,,
2021-12-15 00:00:00 UTC,64034,52299,,
2021-12-16 00:00:00 UTC,64348,63950,,
2021-12-17 00:00:00 UTC,55447,97751,,
2021-12-18 00:00:00 UTC,45839,45759,,
2021-12-19 00:00:00 UTC,51315,99572,,
2021-12-20 00:00:00 UTC,73842,49497,,
2021-12-21 00:00:00 UTC,65611,51864,,
2021-12-22 00:00:00 UTC,62034,70179,,
2021-12-23 00:00:00 UTC,61082,87831,,
2021-12-24 00:00:00 UTC,42554,41870,,
2021-12-25 00:00:00 UTC,32268,27986,,
2021-12-26 00:00:00 UTC,50260,32441,,
2021-12-27 00:00:00 UTC,69659,38313,,
2021-12-28 00:00:00 UTC,68136,32808,,
2021-12-29 00:00:00 UTC,71679,83109,,
2021-12-30 00:00:00 UTC,69180,90072,,
2021-12-31 00:00:00 UTC,46640,17445,,
2022-01-01 00:00:00 UTC,44865,18687,,
2022-01-02 00:00:00 UTC,55077,69782,,
2022-01-03 00:00:00 UTC,75931,50134,,
2022-01-04 00:00:00 UTC,77557,23879,,
2022-01-05 00:00:00 UTC,73095,42660,,
2022-01-06 00:00:00 UTC,69172,100337,,
2022-01-07 00:00:00 UTC,60372,97672,,
2022-01-08 00:00:00 UTC,44932,44984,,
2022-01-09 00:00:00 UTC,49795,90403,,
2022-01-10 00:00:00 UTC,66286,74641,,
2022-01-11 00:00:00 UTC,75579,51945,,
2022-01-12 00:00:00 UTC,69863,22440,,
2022-01-13 00:00:00 UTC,64834,34244,,
2022-01-14 00:00:00 UTC,54431,44652,,
2022-01-15 00:00:00 UTC,41857,65801,,
2022-01-16 00:00:00 UTC,45638,21814,,
2022-01-17 00:00:00 UTC,58842,97758,,
2022-01-18 00:00:00 UTC,63820,77433,,
2022-01-19 00:00:00 UTC,57352,50440,,
2022-01-20 00:00:00 UTC,60281,99210,,
2022-01-21 00:00:00 UTC,51359,99032,,
2022-01-22 00:00:00 UTC,35618,32266,,
2022-01-23 00:00:00 UTC,46711,71344,,
2022-01-24 00:00:00 UTC,66303,71026,,
2022-01-25 00:00:00 UTC,76543,61379,,
2022-01-26 00:00:00 UTC,73890,23740,,
2022-01-27 00:00:00 UTC,65973,41818,,
2022-01-28 00:00:00 UTC,60389,95061,,
2022-01-29 00:00:00 UTC,52338,56579,,
2022-01-30 00:00:00 UTC,51646,22062,,
2022-01-31 00:00:00 UTC,69009,17313,,
2022-02-01 00:00:00 UTC,68941,78180,,
2022-02-02 00:00:00 UTC,69313,81737,,
2022-02-03 00:00:00 UTC,69403,32154,,
2022-02-04 00:00:00 UTC,55934,87628,,
2022-02-05 00:00:00 UTC,45500,49890,,
2022-02-06 00:00:00 UTC,53688,35141,,
2022-02-07 00:00:00 UTC,90848,97458,,
2022-02-08 00:00:00 UTC,80949,98604,,
2022-02-09 00:00:00 UTC,74247,80437,,
2022-02-10 00:00:00 UTC,69011,95935,,
2022-02-11 00:00:00 UTC,67673,19705,,
2022-02-12 00:00:00 UTC,41079,75120,,
2022-02-13 00:00:00 UTC,49526,95246,,
2022-02-14 00:00:00 UTC,68250,85820,,
2022-02-15 00:00:00 UTC,79098,64413,,
2022-02-16 00:00:00 UTC,78240,37747,,
2022-02-17 00:00:00 UTC,74524,22685,,
2022-02-18 00:00:00 UTC,66053,52519,,
2022-02-19 00:00:00 UTC,53993,87946,,
2022-02-20 00:00:00 UTC,58916,84880,,
2022-02-21 00:00:00 UTC,80528,53041,,
2022-02-22 00:00:00 UTC,86094,57577,,
2022-02-23 00:00:00 UTC,85147,53668,,
2022-02-24 00:00:00 UTC,85953,53453,,
2022-02-25 00:00:00 UTC,72199,83046,,
2022-02-26 00:00:00 UTC,52446,80173,,
2022-02-27 00:00:00 UTC,61059,68268,,
2022-02-28 00:00:00 UTC,84130,58333,,
2022-03-01 00:00:00 UTC,85731,30123,,
2022-03-02 00:00:00 UTC,84977,78179,,
2022-03-03 00:00:00 UTC,80336,22612,,
2022-03-04 00:00:00 UTC,70290,58320,,
2022-03-05 00:00:00 UTC,53903,47509,,
2022-03-06 00:00:00 UTC,58831,47712,,
2022-03-07 00:00:00 UTC,84807,60208,,
2022-03-08 00:00:00 UTC,89542,83089,,
2022-03-09 00:00:00 UTC,90590,65480,,
2022-03-10 00:00:00 UTC,82242,33244,,
2022-03-11 00:00:00 UTC,80146,26851,,
2022-03-12 00:00:00 UTC,61842,96602,,
2022-03-13 00:00:00 UTC,63221,95362,,
2022-03-14 00:00:00 UTC,83879,93046,,
2022-03-15 00:00:00 UTC,89094,72668,,
2022-03-16 00:00:00 UTC,82396,32990,,
2022-03-17 00:00:00 UTC,75473,38080,,
2022-03-18 00:00:00 UTC,66586,79124,,
2022-03-19 00:00:00 UTC,50746,41911,,
2022-03-20 00:00:00 UTC,57037,23216,,
2022-03-21 00:00:00 UTC,84296,75820,,
2022-03-22 00:00:00 UTC,82061,32631,,
2022-03-23 00:00:00 UTC,79578,82931,,
2022-03-24 00:00:00 UTC,74119,68979,,
2022-03-25 00:00:00 UTC,65884,20051,,
2022-03-26 00:00:00 UTC,49760,48313,,
2022-03-27 00:00:00 UTC,54811,65260,,
2022-03-28 00:00:00 UTC,71353,17501,,
2022-03-29 00:00:00 UTC,79762,87265,,
2022-03-30 00:00:00 UTC,80267,84532,,
2022-03-31 00:00:00 UTC,76664,20845,,
2022-04-01 00:00:00 UTC,66791,54927,,
2022-04-02 00:00:00 UTC,55434,85074,,
2022-04-03 00:00:00 UTC,58270,58379,,
2022-04-04 00:00:00 UTC,97925,22344,,
2022-04-05 00:00:00 UTC,87755,31268,,
2022-04-06 00:00:00 UTC,86116,73674,,
2022-04-07 00:00:00 UTC,45740,18088,,
2022-04-08 00:00:00 UTC,69995,16343,,
2022-04-09 00:00:00 UTC,54962,28622,,
2022-04-10 00:00:00 UTC,56959,17611,,
2022-04-11 00:00:00 UTC,85768,91393,,
2022-04-12 00:00:00 UTC,84237,56628,,
2022-04-13 00:00:00 UTC,82991,60819,,
2022-04-14 00:00:00 UTC,71982,98153,,
2022-04-15 00:00:00 UTC,51437,50665,,
2022-04-16 00:00:00 UTC,39498,60489,,
2022-04-17 00:00:00 UTC,40506,55336,,
2022-04-18 00:00:00 UTC,67818,35060,,
2022-04-19 00:00:00 UTC,71828,83212,,
2022-04-20 00:00:00 UTC,68242,90519,,
2022-04-21 00:00:00 UTC,62051,35121,,
2022-04-22 00:00:00 UTC,56272,17232,,
2022-04-23 00:00:00 UTC,40073,91195,,
2022-04-24 00:00:00 UTC,46969,31927,,
2022-04-25 00:00:00 UTC,72840,60150,,
2022-04-26 00:00:00 UTC,75064,100210,,
2022-04-27 00:00:00 UTC,68804,29151,,
2022-04-28 00:00:00 UTC,58900,30280,,
2022-04-29 00:00:00 UTC,58533,42215,,
2022-04-30 00:00:00 UTC,42109,50110,,
2022-05-01 00:00:00 UTC,46718,82255,,
2022-05-02 00:00:00 UTC,69345,62865,,
2022-05-03 00:00:00 UTC,71435,62928,,
2022-05-04 00:00:00 UTC,70288,82450,,
2022-05-05 00:00:00 UTC,62891,71833,,
2022-05-06 00:00:00 UTC,55838,79151,,
2022-05-07 00:00:00 UTC,41003,99460,,
2022-05-08 00:00:00 UTC,43060,50985,,
2022-05-09 00:00:00 UTC,68830,91162,,
2022-05-10 00:00:00 UTC,67519,91532,,
2022-05-11 00:00:00 UTC,63294,59671,,
2022-05-12 00:00:00 UTC,61732,61383,,
2022-05-13 00:00:00 UTC,54732,74536,,
2022-05-14 00:00:00 UTC,38709,87358,,
2022-05-15 00:00:00 UTC,44525,71528,,
2022-05-16 00:00:00 UTC,72129,48914,,
2022-05-17 00:00:00 UTC,77819,49214,,
2022-05-18 00:00:00 UTC,71580,26159,,
2022-05-19 00:00:00 UTC,66953,46205,,
2022-05-20 00:00:00 UTC,62825,32345,,
2022-05-21 00:00:00 UTC,43880,59898,,
2022-05-22 00:00:00 UTC,51986,20989,,
2022-05-23 00:00:00 UTC,73505,35712,,
2022-05-24 00:00:00 UTC,78003,32004,,
2022-05-25 00:00:00 UTC,83880,71112,,
2022-05-26 00:00:00 UTC,73915,62069,,
2022-05-27 00:00:00 UTC,62253,38491,,
2022-05-28 00:00:00 UTC,45208,25647,,
2022-05-29 00:00:00 UTC,41037,17182,,
2022-05-30 00:00:00 UTC,55074,99615,,
2022-05-31 00:00:00 UTC,77866,25378,,
2022-06-01 00:00:00 UTC,75381,83092,,
2022-06-02 00:00:00 UTC,81673,65049,,
2022-06-03 00:00:00 UTC,69568,64866,,
2022-06-04 00:00:00 UTC,49640,66126,,
2022-06-05 00:00:00 UTC,53755,100298,,
2022-06-06 00:00:00 UTC,78185,70654,,
2022-06-07 00:00:00 UTC,81176,92858,,
2022-06-08 00:00:00 UTC,77264,69491,,
2022-06-09 00:00:00 UTC,77490,17543,,
2022-06-10 00:00:00 UTC,64107,39083,,
2022-06-11 00:00:00 UTC,52270,93382,,
2022-06-12 00:00:00 UTC,64123,94547,,
2022-06-13 00:00:00 UTC,79091,82309,,
2022-06-14 00:00:00 UTC,83499,89680,,
2022-06-15 00:00:00 UTC,76461,87021,,
2022-06-16 00:00:00 UTC,74426,46742,,
2022-06-17 00:00:00 UTC,66797,60551,,
2022-06-18 00:00:00 UTC,52548,48617,,
2022-06-19 00:00:00 UTC,54258,61521,,
2022-06-20 00:00:00 UTC,80891,88286,,
2022-06-21 00:00:00 UTC,83811,84910,,
2022-06-22 00:00:00 UTC,81427,90262,,
2022-06-23 00:00:00 UTC,67053,69168,,
2022-06-24 00:00:00 UTC,64350,27879,,
2022-06-25 00:00:00 UTC,49753,54200,,
2022-06-26 00:00:00 UTC,57474,79671,,
2022-06-27 00:00:00 UTC,85486,72656,,
2022-06-28 00:00:00 UTC,79811,33003,,
2022-06-29 00:00:00 UTC,73607,62928,,
2022-06-30 00:00:00 UTC,69439,37357,,
2022-07-01 00:00:00 UTC,63961,35282,,
2022-07-02 00:00:00 UTC,49148,64452,,
2022-07-03 00:00:00 UTC,42680,75665,,
2022-07-04 00:00:00 UTC,49885,99223,,
2022-07-05 00:00:00 UTC,78177,89301,,
2022-07-06 00:00:00 UTC,76840,18950,,
2022-07-07 00:00:00 UTC,71752,73828,,
2022-07-08 00:00:00 UTC,65956,75979,,
2022-07-09 00:00:00 UTC,48437,100393,,
2022-07-10 00:00:00 UTC,54589,94770,,
2022-07-11 00:00:00 UTC,76668,50688,,
2022-07-12 00:00:00 UTC,78373,69552,,
2022-07-13 00:00:00 UTC,75912,41890,,
2022-07-14 00:00:00 UTC,68425,23261,,
2022-07-15 00:00:00 UTC,58972,28878,,
2022-07-16 00:00:00 UTC,49024,21568,,
2022-07-17 00:00:00 UTC,39195,48883,,
2022-07-18 00:00:00 UTC,80590,81899,,
2022-07-19 00:00:00 UTC,71044,72372,,
2022-07-20 00:00:00 UTC,65347,91830,,
2022-07-21 00:00:00 UTC,68400,91614,,
2022-07-22 00:00:00 UTC,61836,97607,,
2022-07-23 00:00:00 UTC,39493,45780,,
2022-07-24 00:00:00 UTC,55736,26169,,
2022-07-25 00:00:00 UTC,77967,54372,,
2022-07-26 00:00:00 UTC,79638,81184,,
2022-07-27 00:00:00 UTC,74596,58515,,
2022-07-28 00:00:00 UTC,75674,73620,,
2022-07-29 00:00:00 UTC,65108,84752,,
2022-07-30 00:00:00 UTC,48524,45320,,
2022-07-31 00:00:00 UTC,57634,46821,,
2022-08-01 00:00:00 UTC,79251,99353,,
2022-08-02 00:00:00 UTC,92379,60733,,
2022-08-03 00:00:00 UTC,93797,93419,,
2022-08-04 00:00:00 UTC,78237,67342,,
2022-08-05 00:00:00 UTC,72653,82120,,
2022-08-06 00:00:00 UTC,52871,21258,,
2022-08-07 00:00:00 UTC,60129,18837,,
2022-08-08 00:00:00 UTC,82367,68377,,
2022-08-09 00:00:00 UTC,85531,38693,,
2022-08-10 00:00:00 UTC,78583,28321,,
2022-08-11 00:00:00 UTC,72718,17813,,
2022-08-12 00:00:00 UTC,62585,17324,,
2022-08-13 00:00:00 UTC,43753,36543,,
2022-08-14 00:00:00 UTC,56612,96526,,
2022-08-15 00:00:00 UTC,79109,64467,,
2022-08-16 00:00:00 UTC,79696,86023,,
2022-08-17 00:00:00 UTC,75477,47790,,
2022-08-18 00:00:00 UTC,69463,62156,,
2022-08-19 00:00:00 UTC,63221,18649,,
2022-08-20 00:00:00 UTC,49703,74661,,
2022-08-21 00:00:00 UTC,56546,18483,,
2022-08-22 00:00:00 UTC,82600,70471,,
2022-08-23 00:00:00 UTC,89394,63097,,
2022-08-24 00:00:00 UTC,81657,71319,,
2022-08-25 00:00:00 UTC,72221,100404,,
2022-08-26 00:00:00 UTC,68848,23381,,
2022-08-27 00:00:00 UTC,48528,21802,,
2022-08-28 00:00:00 UTC,56054,71557,,
2022-08-29 00:00:00 UTC,83190,88131,,
2022-08-30 00:00:00 UTC,90279,75414,,
2022-08-31 00:00:00 UTC,79549,96231,,
2022-09-01 00:00:00 UTC,73233,27775,,
2022-09-02 00:00:00 UTC,65140,51387,,
2022-09-03 00:00:00 UTC,46269,42543,,
2022-09-04 00:00:00 UTC,47304,67857,,
2022-09-05 00:00:00 UTC,67565,18542,,
2022-09-06 00:00:00 UTC,84989,23710,,
2022-09-07 00:00:00 UTC,78567,33828,,
2022-09-08 00:00:00 UTC,69288,92769,,
2022-09-09 00:00:00 UTC,66597,57537,,
2022-09-10 00:00:00 UTC,48935,92243,,
2022-09-11 00:00:00 UTC,61189,71786,,
2022-09-12 00:00:00 UTC,89462,29204,,
2022-09-13 00:00:00 UTC,100623,39953,,
2022-09-14 00:00:00 UTC,91481,66227,,
2022-09-15 00:00:00 UTC,89501,18943,,
2022-09-16 00:00:00 UTC,69294,80993,,
2022-09-17 00:00:00 UTC,50067,56950,,
2022-09-18 00:00:00 UTC,58393,42118,,
2022-09-19 00:00:00 UTC,80294,57000,,
2022-09-20 00:00:00 UTC,84638,25013,,
2022-09-21 00:00:00 UTC,79267,99519,,
2022-09-22 00:00:00 UTC,75703,60708,,
2022-09-23 00:00:00 UTC,67225,81097,,
2022-09-24 00:00:00 UTC,50782,73857,,
2022-09-25 00:00:00 UTC,58630,61229,,
2022-09-26 00:00:00 UTC,92222,82531,,
2022-09-27 00:00:00 UTC,98149,16393,,
2022-09-28 00:00:00 UTC,84636,60135,,
2022-09-29 00:00:00 UTC,83374,67074,,
2022-09-30 00:00:00 UTC,77189,29507,,
2022-10-01 00:00:00 UTC,60518,64562,,
2022-10-02 00:00:00 UTC,65708,45388,,
2022-10-03 00:00:00 UTC,87827,44397,,
2022-10-04 00:00:00 UTC,88825,45914,,
2022-10-05 00:00:00 UTC,84301,89844,,
2022-10-06 00:00:00 UTC,45052,30404,,
2022-10-07 00:00:00 UTC,31152,68289,,
2022-10-08 00:00:00 UTC,24902,70561,,
2022-10-09 00:00:00 UTC,28504,65628,,
2022-10-10 00:00:00 UTC,36140,50231,,
2022-10-11 00:00:00 UTC,43878,92085,,
2022-10-12 00:00:00 UTC,42197,87552,,
2022-10-13 00:00:00 UTC,39990,67373,,
2022-10-14 00:00:00 UTC,31872,18917,,
2022-10-15 00:00:00 UTC,24532,53163,,
2022-10-16 00:00:00 UTC,29381,81732,,
2022-10-17 00:00:00 UTC,34526,41774,,
2022-10-18 00:00:00 UTC,37768,54399,,
2022-10-19 00:00:00 UTC,34693,21766,,
2022-10-20 00:00:00 UTC,32100,38044,,
2022-10-21 00:00:00 UTC,27639,50620,,
2022-10-22 00:00:00 UTC,22534,70757,,
2022-10-23 00:00:00 UTC,27896,36677,,
2022-10-24 00:00:00 UTC,34830,68343,,
2022-10-25 00:00:00 UTC,45373,90577,,
2022-10-26 00:00:00 UTC,45384,46727,,
2022-10-27 00:00:00 UTC,41470,29643,,
2022-10-28 00:00:00 UTC,28184,79456,,
2022-10-29 00:00:00 UTC,22136,100434,,
2022-10-30 00:00:00 UTC,26173,49075,,
2022-10-31 00:00:00 UTC,30516,95214,,
2022-11-01 00:00:00 UTC,37445,62456,,
2022-11-02 00:00:00 UTC,36456,64201,,
2022-11-03 00:00:00 UTC,33552,78055,,
2022-11-04 00:00:00 UTC,29811,40534,,
2022-11-05 00:00:00 UTC,24359,37472,,
2022-11-06 00:00:00 UTC,30631,66580,,
2022-11-07 00:00:00 UTC,35315,80956,,
2022-11-08 00:00:00 UTC,36815,85438,,
2022-11-09 00:00:00 UTC,35485,62042,,
2022-11-10 00:00:00 UTC,33581,47903,,
2022-11-11 00:00:00 UTC,29064,69935,,
2022-11-12 00:00:00 UTC,22591,59867,,
2022-11-13 00:00:00 UTC,27145,100033,,
2022-11-14 00:00:00 UTC,33790,94232,,
2022-11-15 00:00:00 UTC,38114,38718,,
2022-11-16 00:00:00 UTC,40223,22548,,
2022-11-17 00:00:00 UTC,37598,79384,,
2022-11-18 00:00:00 UTC,36945,79167,,
2022-11-19 00:00:00 UTC,24996,93060,,
2022-11-20 00:00:00 UTC,28442,64495,,
2022-11-21 00:00:00 UTC,30662,73098,,
2022-11-22 00:00:00 UTC,31066,79770,,
2022-11-23 00:00:00 UTC,26092,62022,,
2022-11-24 00:00:00 UTC,19600,41976,,
2022-11-25 00:00:00 UTC,29967,79193,,
2022-11-26 00:00:00 UTC,25216,54069,,
2022-11-27 00:00:00 UTC,31006,24288,,
2022-11-28 00:00:00 UTC,45175,61166,,
2022-11-29 00:00:00 UTC,65720,78629,,
2022-11-30 00:00:00 UTC,48803,37908,,
2022-12-01 00:00:00 UTC,,,24081,97680
2022-12-02 00:00:00 UTC,,,26487,72662
2022-12-03 00:00:00 UTC,,,22566,50426
2022-12-04 00:00:00 UTC,,,26491,71965
2022-12-05 00:00:00 UTC,,,29437,68771
2022-12-06 00:00:00 UTC,,,32863,49081
2022-12-07 00:00:00 UTC,,,31433,70549
2022-12-08 00:00:00 UTC,,,29000,94466
2022-12-09 00:00:00 UTC,,,24949,80908
2022-12-10 00:00:00 UTC,,,19937,38129
2022-12-11 00:00:00 UTC,,,26382,53832
2022-12-12 00:00:00 UTC,,,29933,92433
2022-12-13 00:00:00 UTC,,,35702,29604
2022-12-14 00:00:00 UTC,,,32876,64050
2022-12-15 00:00:00 UTC,,,32410,71686
2022-12-16 00:00:00 UTC,,,26255,64918
2022-12-17 00:00:00 UTC,,,21188,30752
2022-12-18 00:00:00 UTC,,,22346,55279
2022-12-19 00:00:00 UTC,,,27279,52150
2022-12-20 00:00:00 UTC,,,31279,51070
2022-12-21 00:00:00 UTC,,,28455,17797
2022-12-22 00:00:00 UTC,,,23568,72688
2022-12-23 00:00:00 UTC,,,20181,43629
2022-12-24 00:00:00 UTC,,,16336,53823
2022-12-25 00:00:00 UTC,,,16924,60453
2022-12-26 00:00:00 UTC,,,27166,71823
2022-12-27 00:00:00 UTC,,,33638,71871
2022-12-28 00:00:00 UTC,,,28311,28698
2022-12-29 00:00:00 UTC,,,25323,20264
2022-12-30 00:00:00 UTC,,,22649,22659
2022-12-31 00:00:00 UTC,,,18351,25710
2023-01-01 00:00:00 UTC,,,21745,71426
2023-01-02 00:00:00 UTC,,,30032,43549
2023-01-03 00:00:00 UTC,,,36609,84154
2023-01-04 00:00:00 UTC,,,40293,52435
2023-01-05 00:00:00 UTC,,,37164,43483
2023-01-06 00:00:00 UTC,,,33461,87315
2023-01-07 00:00:00 UTC,,,27121,21132
2023-01-08 00:00:00 UTC,,,30805,89503
2023-01-09 00:00:00 UTC,,,36921,50892
2023-01-10 00:00:00 UTC,,,40557,22336
2023-01-11 00:00:00 UTC,,,40736,19120
2023-01-12 00:00:00 UTC,,,31856,78661
2023-01-13 00:00:00 UTC,,,28741,98094
2023-01-14 00:00:00 UTC,,,24010,73807
2023-01-15 00:00:00 UTC,,,25495,77220
2023-01-16 00:00:00 UTC,,,31343,87451
2023-01-17 00:00:00 UTC,,,35208,98234
2023-01-18 00:00:00 UTC,,,32889,85790
2023-01-19 00:00:00 UTC,,,29962,39166
2023-01-20 00:00:00 UTC,,,27428,100366
2023-01-21 00:00:00 UTC,,,22608,49011
2023-01-22 00:00:00 UTC,,,26745,16393
2023-01-23 00:00:00 UTC,,,30664,70980
2023-01-24 00:00:00 UTC,,,33660,70928
2023-01-25 00:00:00 UTC,,,31409,17721
2023-01-26 00:00:00 UTC,,,29139,38062
2023-01-27 00:00:00 UTC,,,25228,79410
2023-01-28 00:00:00 UTC,,,21371,36753
2023-01-29 00:00:00 UTC,,,26067,43168
2023-01-30 00:00:00 UTC,,,29336,20899
2023-01-31 00:00:00 UTC,,,33309,37672
2023-02-01 00:00:00 UTC,,,31996,41546
2023-02-02 00:00:00 UTC,,,30335,76532
2023-02-03 00:00:00 UTC,,,26598,58103
2023-02-04 00:00:00 UTC,,,23570,92716
2023-02-05 00:00:00 UTC,,,26963,59082
2023-02-06 00:00:00 UTC,,,36227,70209
2023-02-07 00:00:00 UTC,,,34660,99445
2023-02-08 00:00:00 UTC,,,32628,52578
2023-02-09 00:00:00 UTC,,,29340,93892
2023-02-10 00:00:00 UTC,,,30506,41143
2023-02-11 00:00:00 UTC,,,22345,68181
2023-02-12 00:00:00 UTC,,,22879,94558
2023-02-13 00:00:00 UTC,,,27324,32668
2023-02-14 00:00:00 UTC,,,28258,49897
2023-02-15 00:00:00 UTC,,,30755,56641
2023-02-16 00:00:00 UTC,,,28930,40001
2023-02-17 00:00:00 UTC,,,25968,59511
2023-02-18 00:00:00 UTC,,,20868,76942
2023-02-19 00:00:00 UTC,,,23553,48211
2023-02-20 00:00:00 UTC,,,28098,16797
2023-02-21 00:00:00 UTC,,,32156,87527
2023-02-22 00:00:00 UTC,,,30811,85022
2023-02-23 00:00:00 UTC,,,28348,52498
2023-02-24 00:00:00 UTC,,,25694,77958
2023-02-25 00:00:00 UTC,,,21677,86931
2023-02-26 00:00:00 UTC,,,25884,43023
2023-02-27 00:00:00 UTC,,,29962,40432
2023-02-28 00:00:00 UTC,,,36107,18029
2023-03-01 00:00:00 UTC,,,32279,26357
2023-03-02 00:00:00 UTC,,,29911,29440
2023-03-03 00:00:00 UTC,,,26759,29365
2023-03-04 00:00:00 UTC,,,22472,25234
2023-03-05 00:00:00 UTC,,,22961,23215
2023-03-06 00:00:00 UTC,,,27983,23988
2023-03-07 00:00:00 UTC,,,30981,29803
2023-03-08 00:00:00 UTC,,,32004,22610
2023-03-09 00:00:00 UTC,,,29519,23298
2023-03-10 00:00:00 UTC,,,27028,29186
2023-03-11 00:00:00 UTC,,,23040,23965
2023-03-12 00:00:00 UTC,,,24762,25282
2023-03-13 00:00:00 UTC,,,27950,23998
2023-03-14 00:00:00 UTC,,,30665,28395
2023-03-15 00:00:00 UTC,,,30905,28142
2023-03-16 00:00:00 UTC,,,29187,28705
2023-03-17 00:00:00 UTC,,,26944,23185
2023-03-18 00:00:00 UTC,,,23468,28191
2023-03-19 00:00:00 UTC,,,24136,29681
2023-03-20 00:00:00 UTC,,,27636,22724
2023-03-21 00:00:00 UTC,,,30464,24441
2023-03-22 00:00:00 UTC,,,29833,26835
2023-03-23 00:00:00 UTC,,,28824,26855
2023-03-24 00:00:00 UTC,,,27221,27699
2023-03-25 00:00:00 UTC,,,24196,27900
2023-03-26 00:00:00 UTC,,,24697,29883
2023-03-27 00:00:00 UTC,,,27435,22797
2023-03-28 00:00:00 UTC,,,29180,29815
2023-03-29 00:00:00 UTC,,,29187,22701
2023-03-30 00:00:00 UTC,,,32004,29113
2023-03-31 00:00:00 UTC,,,30464,32263
2023-04-01 00:00:00 UTC,,,34736,26130
2023-04-02 00:00:00 UTC,,,31530,27736
2023-04-03 00:00:00 UTC,,,28297,30867
2023-04-04 00:00:00 UTC,,,23411,26362
2023-04-05 00:00:00 UTC,,,24169,32902
2023-04-06 00:00:00 UTC,,,29394,32267
2023-04-07 00:00:00 UTC,,,32383,33960
2023-04-08 00:00:00 UTC,,,32261,30247
2023-04-09 00:00:00 UTC,,,30020,31112
2023-04-10 00:00:00 UTC,,,27172,24587
2023-04-11 00:00:00 UTC,,,23441,28275
2023-04-12 00:00:00 UTC,,,25121,27412
2023-04-13 00:00:00 UTC,,,29088,34140
2023-04-14 00:00:00 UTC,,,31638,33567
2023-04-15 00:00:00 UTC,,,32011,26257
2023-04-16 00:00:00 UTC,,,30369,32767
2023-04-17 00:00:00 UTC,,,28160,26901
2023-04-18 00:00:00 UTC,,,24476,31090
2023-04-19 00:00:00 UTC,,,25234,25221
2023-04-20 00:00:00 UTC,,,28442,33667
2023-04-21 00:00:00 UTC,,,30837,31804
2023-04-22 00:00:00 UTC,,,31095,34181
2023-04-23 00:00:00 UTC,,,29891,31112
2023-04-24 00:00:00 UTC,,,28266,27481
2023-04-25 00:00:00 UTC,,,24786,28023
2023-04-26 00:00:00 UTC,,,25704,33555
2023-04-27 00:00:00 UTC,,,28728,32188
2023-04-28 00:00:00 UTC,,,30622,30966
2023-04-29 00:00:00 UTC,,,30955,29785
2023-04-30 00:00:00 UTC,,,29445,28797